Model,Parameters (M),Model Size (MB),Inference Time (ms),Accuracy,Top-5 Accuracy,Macro F1-Score,Macro Recall,Macro Precision,Weighted F1-Score,Weighted Recall,Weighted Precision
MobileNetV4,8.449884,32.23374938964844,8.443236351013184,0.045714285714285714,0.38742857142857146,0.016421041246854968,0.048104924696787954,0.02416480029861889,0.01649513790966709,0.045714285714285714,0.026055095184770435
MobileNetV3,4.217404,16.088119506835938,6.620655059814453,0.07885714285714286,0.42514285714285716,0.06531528652120733,0.0857350279194788,0.05903177225996753,0.0701553172533902,0.07885714285714286,0.06519454686546772
ConvNeXt-Tiny,27.829356,106.16056823730469,8.354098796844482,0.11657142857142858,0.5051428571428571,0.0934287965694431,0.11989588007606285,0.12024013671414376,0.10731750832536835,0.11657142857142858,0.14785022600416511
