{
  "MobileNetV4": {
    "model_name": "mobilenetv4",
    "parameters": {
      "total_params": 8449884,
      "trainable_params": 8449884,
      "model_size_mb": 32.23374938964844
    },
    "inference_time_ms": 8.443236351013184,
    "metrics": {
      "accuracy": 0.045714285714285714,
      "top5_accuracy": 0.38742857142857146,
      "macro_f1": 0.016421041246854968,
      "macro_recall": 0.048104924696787954,
      "macro_precision": 0.02416480029861889,
      "weighted_f1": 0.01649513790966709,
      "weighted_recall": 0.045714285714285714,
      "weighted_precision": 0.026055095184770435,
      "confusion_matrix": "[[20  0  0  0  0  0  0  0  0  0 41  0]\n [44  0  0  0  0  0  2  0  0  0 40  0]\n [42  0  0  0  1  0  0  0  0  1 59  0]\n [ 9  0  0  0  0  0  0  0  0  0  3  0]\n [57  1  0  0  2  0  0  0  0  0 22  0]\n [ 5  0  0  0  0  0  0  0  0  0  7  0]\n [32  1  0  0  1  0  0  0  0  5 44  0]\n [53  1  0  0  1  0  0  0  0  1 25  0]\n [38  0  0  0  5  0  0  0  0  0 38  0]\n [63  0  0  0  0  0  1  0  0  0 38  0]\n [61  0  0  0  0  0  1  0  0  0 18  0]\n [51  0  0  0  0  0  0  0  0  0 41  0]]"
    }
  },
  "MobileNetV3": {
    "model_name": "mobilenetv3",
    "parameters": {
      "total_params": 4217404,
      "trainable_params": 4217404,
      "model_size_mb": 16.088119506835938
    },
    "inference_time_ms": 6.620655059814453,
    "metrics": {
      "accuracy": 0.07885714285714286,
      "top5_accuracy": 0.42514285714285716,
      "macro_f1": 0.06531528652120733,
      "macro_recall": 0.0857350279194788,
      "macro_precision": 0.05903177225996753,
      "weighted_f1": 0.0701553172533902,
      "weighted_recall": 0.07885714285714286,
      "weighted_precision": 0.06519454686546772,
      "confusion_matrix": "[[ 0 24  0  0  5  8  8  2  0  2  1 11]\n [ 2 39  0  0 15 17  1  8  0  0  0  4]\n [ 0  4  0  3 16 49  3 18  0  0  2  8]\n [ 0  0  0  2  0  2  3  3  0  0  2  0]\n [ 3  5  0  1  8 35  6 21  0  0  1  2]\n [ 0  0  1  1  0  1  2  0  0  1  0  6]\n [ 0  2  1  3  2 43  3 13  1  1  2 12]\n [ 0  1  0  2  2 61  0 12  0  1  2  0]\n [ 6  6  0  2 14 14  7  5  0  0  1 26]\n [ 1 17  0  1 24 34  4 19  0  0  1  1]\n [ 0  3  0  4 10 46  6  7  0  0  0  4]\n [ 5  2  1 31  2 22 20  5  0  0  0  4]]"
    }
  },
  "ConvNeXt-Tiny": {
    "model_name": "convnext_tiny",
    "parameters": {
      "total_params": 27829356,
      "trainable_params": 27829356,
      "model_size_mb": 106.16056823730469
    },
    "inference_time_ms": 8.354098796844482,
    "metrics": {
      "accuracy": 0.11657142857142858,
      "top5_accuracy": 0.5051428571428571,
      "macro_f1": 0.0934287965694431,
      "macro_recall": 0.11989588007606285,
      "macro_precision": 0.12024013671414376,
      "weighted_f1": 0.10731750832536835,
      "weighted_recall": 0.11657142857142858,
      "weighted_precision": 0.14785022600416511,
      "confusion_matrix": "[[ 0  0  3  3  0  3 25  0  8  0 15  4]\n [ 0  3  3  7  0  1 52  0 13  0  5  2]\n [ 0  1 16  2  0  3 39  0 23  0 18  1]\n [ 0  0  1  3  0  0  5  0  2  0  0  1]\n [ 0  2 22  2  0  3 35  0  8  1  2  7]\n [ 2  1  2  2  0  1  2  0  1  0  0  1]\n [ 0  2 25 18  0  2 15  0  6  1  9  5]\n [ 0  0 12  8  0  5 19  0 24  2  5  6]\n [ 0  2  6  4  0 10 11  0 13  1 30  4]\n [ 0  3 23  6  0  4 53  0  3  3  5  2]\n [ 0  0  1 21  0  9  8  0 21  1 14  5]\n [ 2  5  0  5  0 28  8  0  6  0  4 34]]"
    }
  }
}